client_id,round,flops
f0001_41,1,12805656576.0
f0017_07,1,13149894656.0
f0013_38,1,10223870976.0
f0005_26,1,10877923328.0
f0009_06,1,11704094720.0
f0018_13,1,11876213760.0
f0010_18,1,13528556544.0
f0006_12,1,11772942336.0
f0002_01,1,12530266112.0
f0014_19,1,11738518528.0
f0008_45,1,12977775616.0
f0004_09,1,9776361472.0
f0016_39,1,9673090048.0
f0000_14,1,11841789952.0
f0012_39,1,9569818624.0
f0019_38,1,11704094720.0
f0007_14,1,11635247104.0
f0011_13,1,13184318464.0
f0003_42,1,12323723264.0
f0015_48,1,11463128064.0
f0012_39,2,9569818624.0
f0016_39,2,9673090048.0
f0000_14,2,11841789952.0
f0004_09,2,9776361472.0
f0008_45,2,12977775616.0
f0001_41,2,12805656576.0
f0017_07,2,13149894656.0
f0013_38,2,10223870976.0
f0009_06,2,11704094720.0
f0005_26,2,10877923328.0
f0018_13,2,11876213760.0
f0002_01,2,12530266112.0
f0010_18,2,13528556544.0
f0014_19,2,11738518528.0
f0006_12,2,11772942336.0
f0011_13,2,13184318464.0
f0019_38,2,11704094720.0
f0003_42,2,12323723264.0
f0015_48,2,11463128064.0
f0007_14,2,11635247104.0
f0012_39,3,9569818624.0
f0008_45,3,12977775616.0
f0004_09,3,9776361472.0
f0016_39,3,9673090048.0
f0000_14,3,11841789952.0
f0013_38,3,10223870976.0
f0005_26,3,10877923328.0
f0017_07,3,13149894656.0
f0009_06,3,11704094720.0
f0001_41,3,12805656576.0
f0002_01,3,12530266112.0
f0006_12,3,11772942336.0
f0010_18,3,13528556544.0
f0018_13,3,11876213760.0
f0014_19,3,11738518528.0
f0015_48,3,11463128064.0
f0011_13,3,13184318464.0
f0003_42,3,12323723264.0
f0007_14,3,11635247104.0
f0019_38,3,11704094720.0
f0018_13,4,11876213760.0
f0002_01,4,12530266112.0
f0014_19,4,11738518528.0
f0010_18,4,13528556544.0
f0006_12,4,11772942336.0
f0003_42,4,12323723264.0
f0007_14,4,11635247104.0
f0011_13,4,13184318464.0
f0015_48,4,11463128064.0
f0019_38,4,11704094720.0
f0000_14,4,11841789952.0
f0012_39,4,9569818624.0
f0016_39,4,9673090048.0
f0008_45,4,12977775616.0
f0004_09,4,9776361472.0
f0013_38,4,10223870976.0
f0017_07,4,13149894656.0
f0009_06,4,11704094720.0
f0001_41,4,12805656576.0
f0005_26,4,10877923328.0
f0001_41,5,12805656576.0
f0005_26,5,10877923328.0
f0017_07,5,13149894656.0
f0013_38,5,10223870976.0
f0009_06,5,11704094720.0
f0008_45,5,12977775616.0
f0016_39,5,9673090048.0
f0004_09,5,9776361472.0
f0012_39,5,9569818624.0
f0000_14,5,11841789952.0
f0007_14,5,11635247104.0
f0019_38,5,11704094720.0
f0015_48,5,11463128064.0
f0011_13,5,13184318464.0
f0003_42,5,12323723264.0
f0002_01,5,12530266112.0
f0018_13,5,11876213760.0
f0006_12,5,11772942336.0
f0010_18,5,13528556544.0
f0014_19,5,11738518528.0
f0012_39,6,9569818624.0
f0008_45,6,12977775616.0
f0004_09,6,9776361472.0
f0000_14,6,11841789952.0
f0016_39,6,9673090048.0
f0006_12,6,11772942336.0
f0010_18,6,13528556544.0
f0002_01,6,12530266112.0
f0018_13,6,11876213760.0
f0014_19,6,11738518528.0
f0007_14,6,11635247104.0
f0011_13,6,13184318464.0
f0019_38,6,11704094720.0
f0015_48,6,11463128064.0
f0003_42,6,12323723264.0
f0017_07,6,13149894656.0
f0009_06,6,11704094720.0
f0005_26,6,10877923328.0
f0001_41,6,12805656576.0
f0013_38,6,10223870976.0
f0004_09,7,9776361472.0
f0008_45,7,12977775616.0
f0012_39,7,9569818624.0
f0000_14,7,11841789952.0
f0016_39,7,9673090048.0
f0005_26,7,10877923328.0
f0001_41,7,12805656576.0
f0017_07,7,13149894656.0
f0009_06,7,11704094720.0
f0013_38,7,10223870976.0
f0018_13,7,11876213760.0
f0014_19,7,11738518528.0
f0006_12,7,11772942336.0
f0002_01,7,12530266112.0
f0010_18,7,13528556544.0
f0003_42,7,12323723264.0
f0019_38,7,11704094720.0
f0011_13,7,13184318464.0
f0015_48,7,11463128064.0
f0007_14,7,11635247104.0
f0005_26,8,10877923328.0
f0013_38,8,10223870976.0
f0001_41,8,12805656576.0
f0009_06,8,11704094720.0
f0017_07,8,13149894656.0
f0016_39,8,9673090048.0
f0012_39,8,9569818624.0
f0000_14,8,11841789952.0
f0008_45,8,12977775616.0
f0004_09,8,9776361472.0
f0018_13,8,11876213760.0
f0002_01,8,12530266112.0
f0006_12,8,11772942336.0
f0010_18,8,13528556544.0
f0014_19,8,11738518528.0
f0011_13,8,13184318464.0
f0007_14,8,11635247104.0
f0019_38,8,11704094720.0
f0015_48,8,11463128064.0
f0003_42,8,12323723264.0
f0001_41,9,12805656576.0
f0005_26,9,10877923328.0
f0009_06,9,11704094720.0
f0017_07,9,13149894656.0
f0013_38,9,10223870976.0
f0004_09,9,9776361472.0
f0012_39,9,9569818624.0
f0016_39,9,9673090048.0
f0000_14,9,11841789952.0
f0008_45,9,12977775616.0
f0007_14,9,11635247104.0
f0015_48,9,11463128064.0
f0019_38,9,11704094720.0
f0011_13,9,13184318464.0
f0003_42,9,12323723264.0
f0006_12,9,11772942336.0
f0010_18,9,13528556544.0
f0018_13,9,11876213760.0
f0014_19,9,11738518528.0
f0002_01,9,12530266112.0
f0016_39,10,9673090048.0
f0008_45,10,12977775616.0
f0012_39,10,9569818624.0
f0004_09,10,9776361472.0
f0000_14,10,11841789952.0
f0017_07,10,13149894656.0
f0001_41,10,12805656576.0
f0005_26,10,10877923328.0
f0009_06,10,11704094720.0
f0013_38,10,10223870976.0
f0015_48,10,11463128064.0
f0019_38,10,11704094720.0
f0007_14,10,11635247104.0
f0011_13,10,13184318464.0
f0003_42,10,12323723264.0
f0002_01,10,12530266112.0
f0010_18,10,13528556544.0
f0018_13,10,11876213760.0
f0006_12,10,11772942336.0
f0014_19,10,11738518528.0
f0012_39,11,9569818624.0
f0016_39,11,9673090048.0
f0004_09,11,9776361472.0
f0000_14,11,11841789952.0
f0008_45,11,12977775616.0
f0013_38,11,10223870976.0
f0017_07,11,13149894656.0
f0005_26,11,10877923328.0
f0009_06,11,11704094720.0
f0001_41,11,12805656576.0
f0010_18,11,13528556544.0
f0002_01,11,12530266112.0
f0018_13,11,11876213760.0
f0006_12,11,11772942336.0
f0014_19,11,11738518528.0
f0015_48,11,11463128064.0
f0003_42,11,12323723264.0
f0007_14,11,11635247104.0
f0011_13,11,13184318464.0
f0019_38,11,11704094720.0
f0004_09,12,9776361472.0
f0008_45,12,12977775616.0
f0000_14,12,11841789952.0
f0016_39,12,9673090048.0
f0012_39,12,9569818624.0
f0009_06,12,11704094720.0
f0005_26,12,10877923328.0
f0013_38,12,10223870976.0
f0017_07,12,13149894656.0
f0001_41,12,12805656576.0
f0019_38,12,11704094720.0
f0011_13,12,13184318464.0
f0007_14,12,11635247104.0
f0015_48,12,11463128064.0
f0003_42,12,12323723264.0
f0002_01,12,12530266112.0
f0014_19,12,11738518528.0
f0006_12,12,11772942336.0
f0018_13,12,11876213760.0
f0010_18,12,13528556544.0
f0000_14,13,11841789952.0
f0016_39,13,9673090048.0
f0012_39,13,9569818624.0
f0004_09,13,9776361472.0
f0008_45,13,12977775616.0
f0017_07,13,13149894656.0
f0001_41,13,12805656576.0
f0013_38,13,10223870976.0
f0009_06,13,11704094720.0
f0005_26,13,10877923328.0
f0007_14,13,11635247104.0
f0003_42,13,12323723264.0
f0019_38,13,11704094720.0
f0015_48,13,11463128064.0
f0011_13,13,13184318464.0
f0006_12,13,11772942336.0
f0014_19,13,11738518528.0
f0010_18,13,13528556544.0
f0018_13,13,11876213760.0
f0002_01,13,12530266112.0
f0008_45,14,12977775616.0
f0000_14,14,11841789952.0
f0004_09,14,9776361472.0
f0016_39,14,9673090048.0
f0012_39,14,9569818624.0
f0017_07,14,13149894656.0
f0013_38,14,10223870976.0
f0001_41,14,12805656576.0
f0005_26,14,10877923328.0
f0009_06,14,11704094720.0
f0015_48,14,11463128064.0
f0007_14,14,11635247104.0
f0011_13,14,13184318464.0
f0019_38,14,11704094720.0
f0003_42,14,12323723264.0
f0006_12,14,11772942336.0
f0002_01,14,12530266112.0
f0010_18,14,13528556544.0
f0018_13,14,11876213760.0
f0014_19,14,11738518528.0
f0009_06,15,11704094720.0
f0013_38,15,10223870976.0
f0017_07,15,13149894656.0
f0001_41,15,12805656576.0
f0005_26,15,10877923328.0
f0016_39,15,9673090048.0
f0012_39,15,9569818624.0
f0008_45,15,12977775616.0
f0000_14,15,11841789952.0
f0004_09,15,9776361472.0
f0006_12,15,11772942336.0
f0010_18,15,13528556544.0
f0018_13,15,11876213760.0
f0014_19,15,11738518528.0
f0002_01,15,12530266112.0
f0019_38,15,11704094720.0
f0007_14,15,11635247104.0
f0003_42,15,12323723264.0
f0015_48,15,11463128064.0
f0011_13,15,13184318464.0
f0017_07,16,13149894656.0
f0009_06,16,11704094720.0
f0005_26,16,10877923328.0
f0013_38,16,10223870976.0
f0001_41,16,12805656576.0
f0000_14,16,11841789952.0
f0012_39,16,9569818624.0
f0008_45,16,12977775616.0
f0004_09,16,9776361472.0
f0016_39,16,9673090048.0
f0014_19,16,11738518528.0
f0006_12,16,11772942336.0
f0018_13,16,11876213760.0
f0010_18,16,13528556544.0
f0002_01,16,12530266112.0
f0011_13,16,13184318464.0
f0015_48,16,11463128064.0
f0019_38,16,11704094720.0
f0007_14,16,11635247104.0
f0003_42,16,12323723264.0
f0017_07,17,13149894656.0
f0001_41,17,12805656576.0
f0005_26,17,10877923328.0
f0013_38,17,10223870976.0
f0009_06,17,11704094720.0
f0004_09,17,9776361472.0
f0008_45,17,12977775616.0
f0000_14,17,11841789952.0
f0012_39,17,9569818624.0
f0016_39,17,9673090048.0
f0003_42,17,12323723264.0
f0019_38,17,11704094720.0
f0015_48,17,11463128064.0
f0011_13,17,13184318464.0
f0007_14,17,11635247104.0
f0018_13,17,11876213760.0
f0010_18,17,13528556544.0
f0002_01,17,12530266112.0
f0014_19,17,11738518528.0
f0006_12,17,11772942336.0
f0016_39,18,9673090048.0
f0012_39,18,9569818624.0
f0004_09,18,9776361472.0
f0000_14,18,11841789952.0
f0008_45,18,12977775616.0
f0005_26,18,10877923328.0
f0009_06,18,11704094720.0
f0017_07,18,13149894656.0
f0001_41,18,12805656576.0
f0013_38,18,10223870976.0
f0011_13,18,13184318464.0
f0015_48,18,11463128064.0
f0007_14,18,11635247104.0
f0019_38,18,11704094720.0
f0003_42,18,12323723264.0
f0002_01,18,12530266112.0
f0006_12,18,11772942336.0
f0010_18,18,13528556544.0
f0018_13,18,11876213760.0
f0014_19,18,11738518528.0
f0001_41,19,12805656576.0
f0013_38,19,10223870976.0
f0009_06,19,11704094720.0
f0017_07,19,13149894656.0
f0005_26,19,10877923328.0
f0012_39,19,9569818624.0
f0000_14,19,11841789952.0
f0008_45,19,12977775616.0
f0016_39,19,9673090048.0
f0004_09,19,9776361472.0
f0002_01,19,12530266112.0
f0006_12,19,11772942336.0
f0018_13,19,11876213760.0
f0014_19,19,11738518528.0
f0010_18,19,13528556544.0
f0015_48,19,11463128064.0
f0011_13,19,13184318464.0
f0007_14,19,11635247104.0
f0019_38,19,11704094720.0
f0003_42,19,12323723264.0
f0013_38,20,10223870976.0
f0001_41,20,12805656576.0
f0005_26,20,10877923328.0
f0009_06,20,11704094720.0
f0017_07,20,13149894656.0
f0008_45,20,12977775616.0
f0004_09,20,9776361472.0
f0000_14,20,11841789952.0
f0012_39,20,9569818624.0
f0016_39,20,9673090048.0
f0015_48,20,11463128064.0
f0019_38,20,11704094720.0
f0007_14,20,11635247104.0
f0011_13,20,13184318464.0
f0003_42,20,12323723264.0
f0006_12,20,11772942336.0
f0010_18,20,13528556544.0
f0014_19,20,11738518528.0
f0018_13,20,11876213760.0
f0002_01,20,12530266112.0
f0004_09,21,9776361472.0
f0000_14,21,11841789952.0
f0008_45,21,12977775616.0
f0016_39,21,9673090048.0
f0012_39,21,9569818624.0
f0001_41,21,12805656576.0
f0005_26,21,10877923328.0
f0013_38,21,10223870976.0
f0009_06,21,11704094720.0
f0017_07,21,13149894656.0
f0019_38,21,11704094720.0
f0011_13,21,13184318464.0
f0007_14,21,11635247104.0
f0015_48,21,11463128064.0
f0003_42,21,12323723264.0
f0002_01,21,12530266112.0
f0018_13,21,11876213760.0
f0014_19,21,11738518528.0
f0006_12,21,11772942336.0
f0010_18,21,13528556544.0
f0016_39,22,9673090048.0
f0008_45,22,12977775616.0
f0000_14,22,11841789952.0
f0012_39,22,9569818624.0
f0004_09,22,9776361472.0
f0001_41,22,12805656576.0
f0005_26,22,10877923328.0
f0013_38,22,10223870976.0
f0009_06,22,11704094720.0
f0017_07,22,13149894656.0
f0019_38,22,11704094720.0
f0015_48,22,11463128064.0
f0011_13,22,13184318464.0
f0007_14,22,11635247104.0
f0003_42,22,12323723264.0
f0010_18,22,13528556544.0
f0014_19,22,11738518528.0
f0018_13,22,11876213760.0
f0002_01,22,12530266112.0
f0006_12,22,11772942336.0
f0013_38,23,10223870976.0
f0017_07,23,13149894656.0
f0009_06,23,11704094720.0
f0005_26,23,10877923328.0
f0001_41,23,12805656576.0
f0016_39,23,9673090048.0
f0012_39,23,9569818624.0
f0004_09,23,9776361472.0
f0008_45,23,12977775616.0
f0000_14,23,11841789952.0
f0002_01,23,12530266112.0
f0010_18,23,13528556544.0
f0018_13,23,11876213760.0
f0014_19,23,11738518528.0
f0006_12,23,11772942336.0
f0011_13,23,13184318464.0
f0003_42,23,12323723264.0
f0015_48,23,11463128064.0
f0007_14,23,11635247104.0
f0019_38,23,11704094720.0
f0009_06,24,11704094720.0
f0005_26,24,10877923328.0
f0017_07,24,13149894656.0
f0013_38,24,10223870976.0
f0001_41,24,12805656576.0
f0012_39,24,9569818624.0
f0008_45,24,12977775616.0
f0000_14,24,11841789952.0
f0016_39,24,9673090048.0
f0004_09,24,9776361472.0
f0002_01,24,12530266112.0
f0014_19,24,11738518528.0
f0006_12,24,11772942336.0
f0010_18,24,13528556544.0
f0018_13,24,11876213760.0
f0015_48,24,11463128064.0
f0007_14,24,11635247104.0
f0019_38,24,11704094720.0
f0003_42,24,12323723264.0
f0011_13,24,13184318464.0
f0009_06,25,11704094720.0
f0017_07,25,13149894656.0
f0013_38,25,10223870976.0
f0005_26,25,10877923328.0
f0001_41,25,12805656576.0
f0016_39,25,9673090048.0
f0008_45,25,12977775616.0
f0000_14,25,11841789952.0
f0004_09,25,9776361472.0
f0012_39,25,9569818624.0
f0019_38,25,11704094720.0
f0015_48,25,11463128064.0
f0007_14,25,11635247104.0
f0003_42,25,12323723264.0
f0011_13,25,13184318464.0
f0002_01,25,12530266112.0
f0006_12,25,11772942336.0
f0018_13,25,11876213760.0
f0014_19,25,11738518528.0
f0010_18,25,13528556544.0
f0017_07,26,13149894656.0
f0005_26,26,10877923328.0
f0009_06,26,11704094720.0
f0013_38,26,10223870976.0
f0001_41,26,12805656576.0
f0012_39,26,9569818624.0
f0008_45,26,12977775616.0
f0016_39,26,9673090048.0
f0000_14,26,11841789952.0
f0004_09,26,9776361472.0
f0011_13,26,13184318464.0
f0015_48,26,11463128064.0
f0007_14,26,11635247104.0
f0019_38,26,11704094720.0
f0003_42,26,12323723264.0
f0010_18,26,13528556544.0
f0002_01,26,12530266112.0
f0014_19,26,11738518528.0
f0018_13,26,11876213760.0
f0006_12,26,11772942336.0
f0012_39,27,9569818624.0
f0004_09,27,9776361472.0
f0008_45,27,12977775616.0
f0016_39,27,9673090048.0
f0000_14,27,11841789952.0
f0001_41,27,12805656576.0
f0013_38,27,10223870976.0
f0017_07,27,13149894656.0
f0009_06,27,11704094720.0
f0005_26,27,10877923328.0
f0015_48,27,11463128064.0
f0019_38,27,11704094720.0
f0003_42,27,12323723264.0
f0011_13,27,13184318464.0
f0007_14,27,11635247104.0
f0010_18,27,13528556544.0
f0006_12,27,11772942336.0
f0002_01,27,12530266112.0
f0018_13,27,11876213760.0
f0014_19,27,11738518528.0
f0005_26,28,10877923328.0
f0017_07,28,13149894656.0
f0013_38,28,10223870976.0
f0009_06,28,11704094720.0
f0001_41,28,12805656576.0
f0016_39,28,9673090048.0
f0008_45,28,12977775616.0
f0004_09,28,9776361472.0
f0012_39,28,9569818624.0
f0000_14,28,11841789952.0
f0007_14,28,11635247104.0
f0003_42,28,12323723264.0
f0015_48,28,11463128064.0
f0011_13,28,13184318464.0
f0019_38,28,11704094720.0
f0010_18,28,13528556544.0
f0018_13,28,11876213760.0
f0002_01,28,12530266112.0
f0006_12,28,11772942336.0
f0014_19,28,11738518528.0
f0014_19,29,11738518528.0
f0006_12,29,11772942336.0
f0010_18,29,13528556544.0
f0002_01,29,12530266112.0
f0018_13,29,11876213760.0
f0000_14,29,11841789952.0
f0016_39,29,9673090048.0
f0008_45,29,12977775616.0
f0012_39,29,9569818624.0
f0004_09,29,9776361472.0
f0001_41,29,12805656576.0
f0005_26,29,10877923328.0
f0009_06,29,11704094720.0
f0013_38,29,10223870976.0
f0017_07,29,13149894656.0
f0011_13,29,13184318464.0
f0019_38,29,11704094720.0
f0015_48,29,11463128064.0
f0003_42,29,12323723264.0
f0007_14,29,11635247104.0
f0017_07,30,13149894656.0
f0001_41,30,12805656576.0
f0009_06,30,11704094720.0
f0005_26,30,10877923328.0
f0013_38,30,10223870976.0
f0016_39,30,9673090048.0
f0004_09,30,9776361472.0
f0012_39,30,9569818624.0
f0000_14,30,11841789952.0
f0008_45,30,12977775616.0
f0014_19,30,11738518528.0
f0018_13,30,11876213760.0
f0002_01,30,12530266112.0
f0006_12,30,11772942336.0
f0010_18,30,13528556544.0
f0003_42,30,12323723264.0
f0019_38,30,11704094720.0
f0007_14,30,11635247104.0
f0011_13,30,13184318464.0
f0015_48,30,11463128064.0
f0008_45,31,12977775616.0
f0016_39,31,9673090048.0
f0000_14,31,11841789952.0
f0012_39,31,9569818624.0
f0004_09,31,9776361472.0
f0017_07,31,13149894656.0
f0009_06,31,11704094720.0
f0001_41,31,12805656576.0
f0013_38,31,10223870976.0
f0005_26,31,10877923328.0
f0006_12,31,11772942336.0
f0018_13,31,11876213760.0
f0010_18,31,13528556544.0
f0002_01,31,12530266112.0
f0014_19,31,11738518528.0
f0015_48,31,11463128064.0
f0007_14,31,11635247104.0
f0003_42,31,12323723264.0
f0011_13,31,13184318464.0
f0019_38,31,11704094720.0
f0018_13,32,11876213760.0
f0010_18,32,13528556544.0
f0006_12,32,11772942336.0
f0014_19,32,11738518528.0
f0002_01,32,12530266112.0
f0013_38,32,10223870976.0
f0009_06,32,11704094720.0
f0017_07,32,13149894656.0
f0005_26,32,10877923328.0
f0001_41,32,12805656576.0
f0016_39,32,9673090048.0
f0004_09,32,9776361472.0
f0008_45,32,12977775616.0
f0012_39,32,9569818624.0
f0000_14,32,11841789952.0
f0019_38,32,11704094720.0
f0007_14,32,11635247104.0
f0011_13,32,13184318464.0
f0003_42,32,12323723264.0
f0015_48,32,11463128064.0
f0001_41,33,12805656576.0
f0017_07,33,13149894656.0
f0009_06,33,11704094720.0
f0013_38,33,10223870976.0
f0005_26,33,10877923328.0
f0008_45,33,12977775616.0
f0012_39,33,9569818624.0
f0016_39,33,9673090048.0
f0000_14,33,11841789952.0
f0004_09,33,9776361472.0
f0014_19,33,11738518528.0
f0010_18,33,13528556544.0
f0002_01,33,12530266112.0
f0018_13,33,11876213760.0
f0006_12,33,11772942336.0
f0007_14,33,11635247104.0
f0015_48,33,11463128064.0
f0003_42,33,12323723264.0
f0011_13,33,13184318464.0
f0019_38,33,11704094720.0
f0013_38,34,10223870976.0
f0009_06,34,11704094720.0
f0017_07,34,13149894656.0
f0001_41,34,12805656576.0
f0005_26,34,10877923328.0
f0015_48,34,11463128064.0
f0003_42,34,12323723264.0
f0007_14,34,11635247104.0
f0011_13,34,13184318464.0
f0019_38,34,11704094720.0
f0000_14,34,11841789952.0
f0004_09,34,9776361472.0
f0008_45,34,12977775616.0
f0016_39,34,9673090048.0
f0012_39,34,9569818624.0
f0018_13,34,11876213760.0
f0002_01,34,12530266112.0
f0014_19,34,11738518528.0
f0010_18,34,13528556544.0
f0006_12,34,11772942336.0
f0011_13,35,13184318464.0
f0007_14,35,11635247104.0
f0015_48,35,11463128064.0
f0019_38,35,11704094720.0
f0003_42,35,12323723264.0
f0006_12,35,11772942336.0
f0002_01,35,12530266112.0
f0010_18,35,13528556544.0
f0018_13,35,11876213760.0
f0014_19,35,11738518528.0
f0009_06,35,11704094720.0
f0013_38,35,10223870976.0
f0017_07,35,13149894656.0
f0001_41,35,12805656576.0
f0005_26,35,10877923328.0
f0012_39,35,9569818624.0
f0000_14,35,11841789952.0
f0016_39,35,9673090048.0
f0008_45,35,12977775616.0
f0004_09,35,9776361472.0
f0005_26,36,10877923328.0
f0009_06,36,11704094720.0
f0013_38,36,10223870976.0
f0017_07,36,13149894656.0
f0001_41,36,12805656576.0
f0008_45,36,12977775616.0
f0000_14,36,11841789952.0
f0012_39,36,9569818624.0
f0004_09,36,9776361472.0
f0016_39,36,9673090048.0
f0019_38,36,11704094720.0
f0015_48,36,11463128064.0
f0003_42,36,12323723264.0
f0011_13,36,13184318464.0
f0007_14,36,11635247104.0
f0010_18,36,13528556544.0
f0002_01,36,12530266112.0
f0018_13,36,11876213760.0
f0006_12,36,11772942336.0
f0014_19,36,11738518528.0
f0013_38,37,10223870976.0
f0001_41,37,12805656576.0
f0017_07,37,13149894656.0
f0005_26,37,10877923328.0
f0009_06,37,11704094720.0
f0006_12,37,11772942336.0
f0010_18,37,13528556544.0
f0018_13,37,11876213760.0
f0002_01,37,12530266112.0
f0014_19,37,11738518528.0
f0015_48,37,11463128064.0
f0011_13,37,13184318464.0
f0019_38,37,11704094720.0
f0003_42,37,12323723264.0
f0007_14,37,11635247104.0
f0008_45,37,12977775616.0
f0016_39,37,9673090048.0
f0004_09,37,9776361472.0
f0012_39,37,9569818624.0
f0000_14,37,11841789952.0
f0018_13,38,11876213760.0
f0006_12,38,11772942336.0
f0002_01,38,12530266112.0
f0010_18,38,13528556544.0
f0014_19,38,11738518528.0
f0005_26,38,10877923328.0
f0009_06,38,11704094720.0
f0013_38,38,10223870976.0
f0001_41,38,12805656576.0
f0017_07,38,13149894656.0
f0008_45,38,12977775616.0
f0012_39,38,9569818624.0
f0016_39,38,9673090048.0
f0000_14,38,11841789952.0
f0004_09,38,9776361472.0
f0015_48,38,11463128064.0
f0011_13,38,13184318464.0
f0019_38,38,11704094720.0
f0007_14,38,11635247104.0
f0003_42,38,12323723264.0
f0016_39,39,9673090048.0
f0000_14,39,11841789952.0
f0008_45,39,12977775616.0
f0012_39,39,9569818624.0
f0004_09,39,9776361472.0
f0017_07,39,13149894656.0
f0013_38,39,10223870976.0
f0005_26,39,10877923328.0
f0001_41,39,12805656576.0
f0009_06,39,11704094720.0
f0014_19,39,11738518528.0
f0018_13,39,11876213760.0
f0006_12,39,11772942336.0
f0002_01,39,12530266112.0
f0010_18,39,13528556544.0
f0011_13,39,13184318464.0
f0015_48,39,11463128064.0
f0003_42,39,12323723264.0
f0007_14,39,11635247104.0
f0019_38,39,11704094720.0
f0013_38,40,10223870976.0
f0017_07,40,13149894656.0
f0001_41,40,12805656576.0
f0005_26,40,10877923328.0
f0009_06,40,11704094720.0
f0004_09,40,9776361472.0
f0016_39,40,9673090048.0
f0000_14,40,11841789952.0
f0012_39,40,9569818624.0
f0008_45,40,12977775616.0
f0015_48,40,11463128064.0
f0003_42,40,12323723264.0
f0019_38,40,11704094720.0
f0011_13,40,13184318464.0
f0007_14,40,11635247104.0
f0014_19,40,11738518528.0
f0006_12,40,11772942336.0
f0002_01,40,12530266112.0
f0010_18,40,13528556544.0
f0018_13,40,11876213760.0
f0003_42,41,12323723264.0
f0007_14,41,11635247104.0
f0015_48,41,11463128064.0
f0019_38,41,11704094720.0
f0011_13,41,13184318464.0
f0012_39,41,9569818624.0
f0016_39,41,9673090048.0
f0008_45,41,12977775616.0
f0004_09,41,9776361472.0
f0000_14,41,11841789952.0
f0005_26,41,10877923328.0
f0013_38,41,10223870976.0
f0001_41,41,12805656576.0
f0009_06,41,11704094720.0
f0017_07,41,13149894656.0
f0014_19,41,11738518528.0
f0010_18,41,13528556544.0
f0006_12,41,11772942336.0
f0018_13,41,11876213760.0
f0002_01,41,12530266112.0
f0008_45,42,12977775616.0
f0004_09,42,9776361472.0
f0000_14,42,11841789952.0
f0016_39,42,9673090048.0
f0012_39,42,9569818624.0
f0017_07,42,13149894656.0
f0001_41,42,12805656576.0
f0009_06,42,11704094720.0
f0013_38,42,10223870976.0
f0005_26,42,10877923328.0
f0007_14,42,11635247104.0
f0003_42,42,12323723264.0
f0015_48,42,11463128064.0
f0011_13,42,13184318464.0
f0019_38,42,11704094720.0
f0010_18,42,13528556544.0
f0014_19,42,11738518528.0
f0002_01,42,12530266112.0
f0018_13,42,11876213760.0
f0006_12,42,11772942336.0
f0016_39,43,9673090048.0
f0008_45,43,12977775616.0
f0000_14,43,11841789952.0
f0004_09,43,9776361472.0
f0012_39,43,9569818624.0
f0017_07,43,13149894656.0
f0001_41,43,12805656576.0
f0005_26,43,10877923328.0
f0009_06,43,11704094720.0
f0013_38,43,10223870976.0
f0002_01,43,12530266112.0
f0010_18,43,13528556544.0
f0014_19,43,11738518528.0
f0006_12,43,11772942336.0
f0018_13,43,11876213760.0
f0007_14,43,11635247104.0
f0011_13,43,13184318464.0
f0003_42,43,12323723264.0
f0019_38,43,11704094720.0
f0015_48,43,11463128064.0
f0016_39,44,9673090048.0
f0008_45,44,12977775616.0
f0004_09,44,9776361472.0
f0000_14,44,11841789952.0
f0012_39,44,9569818624.0
f0009_06,44,11704094720.0
f0017_07,44,13149894656.0
f0001_41,44,12805656576.0
f0013_38,44,10223870976.0
f0005_26,44,10877923328.0
f0015_48,44,11463128064.0
f0019_38,44,11704094720.0
f0011_13,44,13184318464.0
f0003_42,44,12323723264.0
f0007_14,44,11635247104.0
f0002_01,44,12530266112.0
f0018_13,44,11876213760.0
f0014_19,44,11738518528.0
f0006_12,44,11772942336.0
f0010_18,44,13528556544.0
f0016_39,45,9673090048.0
f0008_45,45,12977775616.0
f0012_39,45,9569818624.0
f0004_09,45,9776361472.0
f0000_14,45,11841789952.0
f0007_14,45,11635247104.0
f0011_13,45,13184318464.0
f0019_38,45,11704094720.0
f0003_42,45,12323723264.0
f0015_48,45,11463128064.0
f0001_41,45,12805656576.0
f0013_38,45,10223870976.0
f0005_26,45,10877923328.0
f0009_06,45,11704094720.0
f0017_07,45,13149894656.0
f0002_01,45,12530266112.0
f0006_12,45,11772942336.0
f0018_13,45,11876213760.0
f0014_19,45,11738518528.0
f0010_18,45,13528556544.0
f0016_39,46,9673090048.0
f0008_45,46,12977775616.0
f0012_39,46,9569818624.0
f0000_14,46,11841789952.0
f0004_09,46,9776361472.0
f0005_26,46,10877923328.0
f0013_38,46,10223870976.0
f0017_07,46,13149894656.0
f0009_06,46,11704094720.0
f0001_41,46,12805656576.0
f0003_42,46,12323723264.0
f0011_13,46,13184318464.0
f0007_14,46,11635247104.0
f0019_38,46,11704094720.0
f0015_48,46,11463128064.0
f0010_18,46,13528556544.0
f0002_01,46,12530266112.0
f0018_13,46,11876213760.0
f0014_19,46,11738518528.0
f0006_12,46,11772942336.0
f0008_45,47,12977775616.0
f0012_39,47,9569818624.0
f0016_39,47,9673090048.0
f0004_09,47,9776361472.0
f0000_14,47,11841789952.0
f0017_07,47,13149894656.0
f0001_41,47,12805656576.0
f0009_06,47,11704094720.0
f0005_26,47,10877923328.0
f0013_38,47,10223870976.0
f0010_18,47,13528556544.0
f0006_12,47,11772942336.0
f0018_13,47,11876213760.0
f0002_01,47,12530266112.0
f0014_19,47,11738518528.0
f0015_48,47,11463128064.0
f0019_38,47,11704094720.0
f0011_13,47,13184318464.0
f0003_42,47,12323723264.0
f0007_14,47,11635247104.0
f0000_14,48,11841789952.0
f0012_39,48,9569818624.0
f0008_45,48,12977775616.0
f0016_39,48,9673090048.0
f0004_09,48,9776361472.0
f0007_14,48,11635247104.0
f0011_13,48,13184318464.0
f0019_38,48,11704094720.0
f0003_42,48,12323723264.0
f0015_48,48,11463128064.0
f0013_38,48,10223870976.0
f0017_07,48,13149894656.0
f0009_06,48,11704094720.0
f0005_26,48,10877923328.0
f0001_41,48,12805656576.0
f0018_13,48,11876213760.0
f0002_01,48,12530266112.0
f0010_18,48,13528556544.0
f0014_19,48,11738518528.0
f0006_12,48,11772942336.0
f0013_38,49,10223870976.0
f0009_06,49,11704094720.0
f0005_26,49,10877923328.0
f0001_41,49,12805656576.0
f0017_07,49,13149894656.0
f0004_09,49,9776361472.0
f0012_39,49,9569818624.0
f0016_39,49,9673090048.0
f0000_14,49,11841789952.0
f0008_45,49,12977775616.0
f0019_38,49,11704094720.0
f0011_13,49,13184318464.0
f0007_14,49,11635247104.0
f0003_42,49,12323723264.0
f0015_48,49,11463128064.0
f0002_01,49,12530266112.0
f0006_12,49,11772942336.0
f0018_13,49,11876213760.0
f0014_19,49,11738518528.0
f0010_18,49,13528556544.0
f0017_07,50,13149894656.0
f0013_38,50,10223870976.0
f0001_41,50,12805656576.0
f0009_06,50,11704094720.0
f0005_26,50,10877923328.0
f0004_09,50,9776361472.0
f0008_45,50,12977775616.0
f0012_39,50,9569818624.0
f0000_14,50,11841789952.0
f0016_39,50,9673090048.0
f0014_19,50,11738518528.0
f0010_18,50,13528556544.0
f0002_01,50,12530266112.0
f0006_12,50,11772942336.0
f0018_13,50,11876213760.0
f0019_38,50,11704094720.0
f0007_14,50,11635247104.0
f0003_42,50,12323723264.0
f0011_13,50,13184318464.0
f0015_48,50,11463128064.0
f0012_39,51,9569818624.0
f0000_14,51,11841789952.0
f0016_39,51,9673090048.0
f0004_09,51,9776361472.0
f0008_45,51,12977775616.0
f0017_07,51,13149894656.0
f0009_06,51,11704094720.0
f0013_38,51,10223870976.0
f0001_41,51,12805656576.0
f0005_26,51,10877923328.0
f0019_38,51,11704094720.0
f0007_14,51,11635247104.0
f0003_42,51,12323723264.0
f0011_13,51,13184318464.0
f0015_48,51,11463128064.0
f0018_13,51,11876213760.0
f0014_19,51,11738518528.0
f0006_12,51,11772942336.0
f0010_18,51,13528556544.0
f0002_01,51,12530266112.0
f0000_14,52,11841789952.0
f0008_45,52,12977775616.0
f0012_39,52,9569818624.0
f0016_39,52,9673090048.0
f0004_09,52,9776361472.0
f0005_26,52,10877923328.0
f0001_41,52,12805656576.0
f0013_38,52,10223870976.0
f0017_07,52,13149894656.0
f0009_06,52,11704094720.0
f0014_19,52,11738518528.0
f0010_18,52,13528556544.0
f0006_12,52,11772942336.0
f0018_13,52,11876213760.0
f0002_01,52,12530266112.0
f0019_38,52,11704094720.0
f0007_14,52,11635247104.0
f0011_13,52,13184318464.0
f0015_48,52,11463128064.0
f0003_42,52,12323723264.0
f0012_39,53,9569818624.0
f0008_45,53,12977775616.0
f0000_14,53,11841789952.0
f0016_39,53,9673090048.0
f0004_09,53,9776361472.0
f0017_07,53,13149894656.0
f0005_26,53,10877923328.0
f0009_06,53,11704094720.0
f0013_38,53,10223870976.0
f0001_41,53,12805656576.0
f0007_14,53,11635247104.0
f0003_42,53,12323723264.0
f0011_13,53,13184318464.0
f0015_48,53,11463128064.0
f0019_38,53,11704094720.0
f0018_13,53,11876213760.0
f0014_19,53,11738518528.0
f0006_12,53,11772942336.0
f0010_18,53,13528556544.0
f0002_01,53,12530266112.0
f0000_14,54,11841789952.0
f0008_45,54,12977775616.0
f0012_39,54,9569818624.0
f0004_09,54,9776361472.0
f0016_39,54,9673090048.0
f0001_41,54,12805656576.0
f0017_07,54,13149894656.0
f0013_38,54,10223870976.0
f0009_06,54,11704094720.0
f0005_26,54,10877923328.0
f0010_18,54,13528556544.0
f0006_12,54,11772942336.0
f0018_13,54,11876213760.0
f0002_01,54,12530266112.0
f0014_19,54,11738518528.0
f0019_38,54,11704094720.0
f0011_13,54,13184318464.0
f0015_48,54,11463128064.0
f0007_14,54,11635247104.0
f0003_42,54,12323723264.0
f0008_45,55,12977775616.0
f0012_39,55,9569818624.0
f0016_39,55,9673090048.0
f0000_14,55,11841789952.0
f0004_09,55,9776361472.0
f0001_41,55,12805656576.0
f0017_07,55,13149894656.0
f0005_26,55,10877923328.0
f0009_06,55,11704094720.0
f0013_38,55,10223870976.0
f0015_48,55,11463128064.0
f0007_14,55,11635247104.0
f0019_38,55,11704094720.0
f0011_13,55,13184318464.0
f0003_42,55,12323723264.0
f0010_18,55,13528556544.0
f0018_13,55,11876213760.0
f0002_01,55,12530266112.0
f0014_19,55,11738518528.0
f0006_12,55,11772942336.0
f0016_39,56,9673090048.0
f0004_09,56,9776361472.0
f0012_39,56,9569818624.0
f0008_45,56,12977775616.0
f0000_14,56,11841789952.0
f0017_07,56,13149894656.0
f0013_38,56,10223870976.0
f0001_41,56,12805656576.0
f0005_26,56,10877923328.0
f0009_06,56,11704094720.0
f0019_38,56,11704094720.0
f0015_48,56,11463128064.0
f0007_14,56,11635247104.0
f0003_42,56,12323723264.0
f0011_13,56,13184318464.0
f0010_18,56,13528556544.0
f0006_12,56,11772942336.0
f0018_13,56,11876213760.0
f0002_01,56,12530266112.0
f0014_19,56,11738518528.0
f0009_06,57,11704094720.0
f0017_07,57,13149894656.0
f0005_26,57,10877923328.0
f0001_41,57,12805656576.0
f0013_38,57,10223870976.0
f0004_09,57,9776361472.0
f0012_39,57,9569818624.0
f0008_45,57,12977775616.0
f0016_39,57,9673090048.0
f0000_14,57,11841789952.0
f0007_14,57,11635247104.0
f0003_42,57,12323723264.0
f0019_38,57,11704094720.0
f0015_48,57,11463128064.0
f0011_13,57,13184318464.0
f0010_18,57,13528556544.0
f0006_12,57,11772942336.0
f0018_13,57,11876213760.0
f0014_19,57,11738518528.0
f0002_01,57,12530266112.0
f0001_41,58,12805656576.0
f0017_07,58,13149894656.0
f0013_38,58,10223870976.0
f0009_06,58,11704094720.0
f0005_26,58,10877923328.0
f0008_45,58,12977775616.0
f0012_39,58,9569818624.0
f0016_39,58,9673090048.0
f0000_14,58,11841789952.0
f0004_09,58,9776361472.0
f0002_01,58,12530266112.0
f0014_19,58,11738518528.0
f0006_12,58,11772942336.0
f0018_13,58,11876213760.0
f0010_18,58,13528556544.0
f0007_14,58,11635247104.0
f0011_13,58,13184318464.0
f0019_38,58,11704094720.0
f0003_42,58,12323723264.0
f0015_48,58,11463128064.0
f0004_09,59,9776361472.0
f0016_39,59,9673090048.0
f0008_45,59,12977775616.0
f0012_39,59,9569818624.0
f0000_14,59,11841789952.0
f0013_38,59,10223870976.0
f0001_41,59,12805656576.0
f0005_26,59,10877923328.0
f0009_06,59,11704094720.0
f0017_07,59,13149894656.0
f0014_19,59,11738518528.0
f0006_12,59,11772942336.0
f0002_01,59,12530266112.0
f0010_18,59,13528556544.0
f0018_13,59,11876213760.0
f0019_38,59,11704094720.0
f0003_42,59,12323723264.0
f0007_14,59,11635247104.0
f0015_48,59,11463128064.0
f0011_13,59,13184318464.0
f0005_26,60,10877923328.0
f0009_06,60,11704094720.0
f0017_07,60,13149894656.0
f0001_41,60,12805656576.0
f0013_38,60,10223870976.0
f0008_45,60,12977775616.0
f0000_14,60,11841789952.0
f0004_09,60,9776361472.0
f0016_39,60,9673090048.0
f0012_39,60,9569818624.0
f0006_12,60,11772942336.0
f0018_13,60,11876213760.0
f0010_18,60,13528556544.0
f0002_01,60,12530266112.0
f0014_19,60,11738518528.0
f0003_42,60,12323723264.0
f0019_38,60,11704094720.0
f0007_14,60,11635247104.0
f0011_13,60,13184318464.0
f0015_48,60,11463128064.0
f0004_09,61,9776361472.0
f0008_45,61,12977775616.0
f0016_39,61,9673090048.0
f0012_39,61,9569818624.0
f0000_14,61,11841789952.0
f0001_41,61,12805656576.0
f0009_06,61,11704094720.0
f0005_26,61,10877923328.0
f0013_38,61,10223870976.0
f0017_07,61,13149894656.0
f0014_19,61,11738518528.0
f0002_01,61,12530266112.0
f0010_18,61,13528556544.0
f0018_13,61,11876213760.0
f0006_12,61,11772942336.0
f0003_42,61,12323723264.0
f0007_14,61,11635247104.0
f0019_38,61,11704094720.0
f0011_13,61,13184318464.0
f0015_48,61,11463128064.0
f0008_45,62,12977775616.0
f0012_39,62,9569818624.0
f0000_14,62,11841789952.0
f0004_09,62,9776361472.0
f0016_39,62,9673090048.0
f0019_38,62,11704094720.0
f0015_48,62,11463128064.0
f0011_13,62,13184318464.0
f0003_42,62,12323723264.0
f0007_14,62,11635247104.0
f0017_07,62,13149894656.0
f0013_38,62,10223870976.0
f0005_26,62,10877923328.0
f0001_41,62,12805656576.0
f0009_06,62,11704094720.0
f0014_19,62,11738518528.0
f0002_01,62,12530266112.0
f0006_12,62,11772942336.0
f0018_13,62,11876213760.0
f0010_18,62,13528556544.0
f0012_39,63,9569818624.0
f0008_45,63,12977775616.0
f0004_09,63,9776361472.0
f0000_14,63,11841789952.0
f0016_39,63,9673090048.0
f0017_07,63,13149894656.0
f0005_26,63,10877923328.0
f0013_38,63,10223870976.0
f0009_06,63,11704094720.0
f0001_41,63,12805656576.0
f0018_13,63,11876213760.0
f0006_12,63,11772942336.0
f0002_01,63,12530266112.0
f0014_19,63,11738518528.0
f0010_18,63,13528556544.0
f0011_13,63,13184318464.0
f0007_14,63,11635247104.0
f0003_42,63,12323723264.0
f0015_48,63,11463128064.0
f0019_38,63,11704094720.0
f0013_38,64,10223870976.0
f0009_06,64,11704094720.0
f0017_07,64,13149894656.0
f0001_41,64,12805656576.0
f0005_26,64,10877923328.0
f0016_39,64,9673090048.0
f0004_09,64,9776361472.0
f0000_14,64,11841789952.0
f0012_39,64,9569818624.0
f0008_45,64,12977775616.0
f0019_38,64,11704094720.0
f0003_42,64,12323723264.0
f0015_48,64,11463128064.0
f0011_13,64,13184318464.0
f0007_14,64,11635247104.0
f0006_12,64,11772942336.0
f0018_13,64,11876213760.0
f0010_18,64,13528556544.0
f0002_01,64,12530266112.0
f0014_19,64,11738518528.0
f0008_45,65,12977775616.0
f0012_39,65,9569818624.0
f0016_39,65,9673090048.0
f0004_09,65,9776361472.0
f0000_14,65,11841789952.0
f0001_41,65,12805656576.0
f0009_06,65,11704094720.0
f0017_07,65,13149894656.0
f0005_26,65,10877923328.0
f0013_38,65,10223870976.0
f0003_42,65,12323723264.0
f0011_13,65,13184318464.0
f0019_38,65,11704094720.0
f0007_14,65,11635247104.0
f0015_48,65,11463128064.0
f0010_18,65,13528556544.0
f0006_12,65,11772942336.0
f0014_19,65,11738518528.0
f0002_01,65,12530266112.0
f0018_13,65,11876213760.0
f0012_39,66,9569818624.0
f0008_45,66,12977775616.0
f0004_09,66,9776361472.0
f0000_14,66,11841789952.0
f0016_39,66,9673090048.0
f0013_38,66,10223870976.0
f0005_26,66,10877923328.0
f0017_07,66,13149894656.0
f0009_06,66,11704094720.0
f0001_41,66,12805656576.0
f0007_14,66,11635247104.0
f0011_13,66,13184318464.0
f0015_48,66,11463128064.0
f0019_38,66,11704094720.0
f0003_42,66,12323723264.0
f0010_18,66,13528556544.0
f0018_13,66,11876213760.0
f0006_12,66,11772942336.0
f0002_01,66,12530266112.0
f0014_19,66,11738518528.0
f0004_09,67,9776361472.0
f0000_14,67,11841789952.0
f0008_45,67,12977775616.0
f0016_39,67,9673090048.0
f0012_39,67,9569818624.0
f0002_01,67,12530266112.0
f0010_18,67,13528556544.0
f0014_19,67,11738518528.0
f0006_12,67,11772942336.0
f0018_13,67,11876213760.0
f0005_26,67,10877923328.0
f0009_06,67,11704094720.0
f0001_41,67,12805656576.0
f0017_07,67,13149894656.0
f0013_38,67,10223870976.0
f0007_14,67,11635247104.0
f0019_38,67,11704094720.0
f0011_13,67,13184318464.0
f0015_48,67,11463128064.0
f0003_42,67,12323723264.0
f0005_26,68,10877923328.0
f0009_06,68,11704094720.0
f0017_07,68,13149894656.0
f0013_38,68,10223870976.0
f0001_41,68,12805656576.0
f0008_45,68,12977775616.0
f0012_39,68,9569818624.0
f0004_09,68,9776361472.0
f0000_14,68,11841789952.0
f0016_39,68,9673090048.0
f0006_12,68,11772942336.0
f0014_19,68,11738518528.0
f0002_01,68,12530266112.0
f0018_13,68,11876213760.0
f0010_18,68,13528556544.0
f0015_48,68,11463128064.0
f0019_38,68,11704094720.0
f0003_42,68,12323723264.0
f0011_13,68,13184318464.0
f0007_14,68,11635247104.0
f0008_45,69,12977775616.0
f0012_39,69,9569818624.0
f0016_39,69,9673090048.0
f0004_09,69,9776361472.0
f0000_14,69,11841789952.0
f0009_06,69,11704094720.0
f0005_26,69,10877923328.0
f0017_07,69,13149894656.0
f0013_38,69,10223870976.0
f0001_41,69,12805656576.0
f0007_14,69,11635247104.0
f0011_13,69,13184318464.0
f0003_42,69,12323723264.0
f0015_48,69,11463128064.0
f0019_38,69,11704094720.0
f0014_19,69,11738518528.0
f0006_12,69,11772942336.0
f0018_13,69,11876213760.0
f0002_01,69,12530266112.0
f0010_18,69,13528556544.0
f0012_39,70,9569818624.0
f0004_09,70,9776361472.0
f0000_14,70,11841789952.0
f0016_39,70,9673090048.0
f0008_45,70,12977775616.0
f0019_38,70,11704094720.0
f0011_13,70,13184318464.0
f0015_48,70,11463128064.0
f0007_14,70,11635247104.0
f0003_42,70,12323723264.0
f0013_38,70,10223870976.0
f0005_26,70,10877923328.0
f0009_06,70,11704094720.0
f0001_41,70,12805656576.0
f0017_07,70,13149894656.0
f0006_12,70,11772942336.0
f0014_19,70,11738518528.0
f0002_01,70,12530266112.0
f0018_13,70,11876213760.0
f0010_18,70,13528556544.0
f0016_39,71,9673090048.0
f0000_14,71,11841789952.0
f0012_39,71,9569818624.0
f0004_09,71,9776361472.0
f0008_45,71,12977775616.0
f0006_12,71,11772942336.0
f0002_01,71,12530266112.0
f0018_13,71,11876213760.0
f0010_18,71,13528556544.0
f0014_19,71,11738518528.0
f0001_41,71,12805656576.0
f0009_06,71,11704094720.0
f0017_07,71,13149894656.0
f0013_38,71,10223870976.0
f0005_26,71,10877923328.0
f0011_13,71,13184318464.0
f0019_38,71,11704094720.0
f0007_14,71,11635247104.0
f0003_42,71,12323723264.0
f0015_48,71,11463128064.0
f0009_06,72,11704094720.0
f0001_41,72,12805656576.0
f0005_26,72,10877923328.0
f0013_38,72,10223870976.0
f0017_07,72,13149894656.0
f0012_39,72,9569818624.0
f0016_39,72,9673090048.0
f0000_14,72,11841789952.0
f0004_09,72,9776361472.0
f0008_45,72,12977775616.0
f0003_42,72,12323723264.0
f0011_13,72,13184318464.0
f0019_38,72,11704094720.0
f0015_48,72,11463128064.0
f0007_14,72,11635247104.0
f0006_12,72,11772942336.0
f0002_01,72,12530266112.0
f0014_19,72,11738518528.0
f0018_13,72,11876213760.0
f0010_18,72,13528556544.0
f0001_41,73,12805656576.0
f0009_06,73,11704094720.0
f0005_26,73,10877923328.0
f0013_38,73,10223870976.0
f0017_07,73,13149894656.0
f0003_42,73,12323723264.0
f0015_48,73,11463128064.0
f0011_13,73,13184318464.0
f0019_38,73,11704094720.0
f0007_14,73,11635247104.0
f0006_12,73,11772942336.0
f0014_19,73,11738518528.0
f0010_18,73,13528556544.0
f0002_01,73,12530266112.0
f0018_13,73,11876213760.0
f0008_45,73,12977775616.0
f0000_14,73,11841789952.0
f0012_39,73,9569818624.0
f0004_09,73,9776361472.0
f0016_39,73,9673090048.0
f0017_07,74,13149894656.0
f0009_06,74,11704094720.0
f0013_38,74,10223870976.0
f0001_41,74,12805656576.0
f0005_26,74,10877923328.0
f0012_39,74,9569818624.0
f0008_45,74,12977775616.0
f0000_14,74,11841789952.0
f0004_09,74,9776361472.0
f0016_39,74,9673090048.0
f0011_13,74,13184318464.0
f0015_48,74,11463128064.0
f0019_38,74,11704094720.0
f0007_14,74,11635247104.0
f0003_42,74,12323723264.0
f0010_18,74,13528556544.0
f0006_12,74,11772942336.0
f0002_01,74,12530266112.0
f0014_19,74,11738518528.0
f0018_13,74,11876213760.0
f0012_39,75,9569818624.0
f0004_09,75,9776361472.0
f0000_14,75,11841789952.0
f0008_45,75,12977775616.0
f0016_39,75,9673090048.0
f0017_07,75,13149894656.0
f0001_41,75,12805656576.0
f0009_06,75,11704094720.0
f0005_26,75,10877923328.0
f0013_38,75,10223870976.0
f0014_19,75,11738518528.0
f0006_12,75,11772942336.0
f0002_01,75,12530266112.0
f0018_13,75,11876213760.0
f0010_18,75,13528556544.0
f0007_14,75,11635247104.0
f0015_48,75,11463128064.0
f0003_42,75,12323723264.0
f0011_13,75,13184318464.0
f0019_38,75,11704094720.0
f0004_09,76,9776361472.0
f0008_45,76,12977775616.0
f0016_39,76,9673090048.0
f0000_14,76,11841789952.0
f0012_39,76,9569818624.0
f0009_06,76,11704094720.0
f0017_07,76,13149894656.0
f0013_38,76,10223870976.0
f0005_26,76,10877923328.0
f0001_41,76,12805656576.0
f0015_48,76,11463128064.0
f0003_42,76,12323723264.0
f0019_38,76,11704094720.0
f0011_13,76,13184318464.0
f0007_14,76,11635247104.0
f0010_18,76,13528556544.0
f0006_12,76,11772942336.0
f0018_13,76,11876213760.0
f0014_19,76,11738518528.0
f0002_01,76,12530266112.0
f0008_45,77,12977775616.0
f0004_09,77,9776361472.0
f0012_39,77,9569818624.0
f0000_14,77,11841789952.0
f0016_39,77,9673090048.0
f0017_07,77,13149894656.0
f0009_06,77,11704094720.0
f0001_41,77,12805656576.0
f0013_38,77,10223870976.0
f0005_26,77,10877923328.0
f0011_13,77,13184318464.0
f0003_42,77,12323723264.0
f0015_48,77,11463128064.0
f0007_14,77,11635247104.0
f0019_38,77,11704094720.0
f0002_01,77,12530266112.0
f0018_13,77,11876213760.0
f0006_12,77,11772942336.0
f0014_19,77,11738518528.0
f0010_18,77,13528556544.0
f0001_41,78,12805656576.0
f0009_06,78,11704094720.0
f0005_26,78,10877923328.0
f0017_07,78,13149894656.0
f0013_38,78,10223870976.0
f0000_14,78,11841789952.0
f0012_39,78,9569818624.0
f0008_45,78,12977775616.0
f0016_39,78,9673090048.0
f0004_09,78,9776361472.0
f0018_13,78,11876213760.0
f0002_01,78,12530266112.0
f0014_19,78,11738518528.0
f0010_18,78,13528556544.0
f0006_12,78,11772942336.0
f0011_13,78,13184318464.0
f0003_42,78,12323723264.0
f0015_48,78,11463128064.0
f0007_14,78,11635247104.0
f0019_38,78,11704094720.0
f0013_38,79,10223870976.0
f0017_07,79,13149894656.0
f0009_06,79,11704094720.0
f0005_26,79,10877923328.0
f0001_41,79,12805656576.0
f0010_18,79,13528556544.0
f0006_12,79,11772942336.0
f0018_13,79,11876213760.0
f0002_01,79,12530266112.0
f0014_19,79,11738518528.0
f0012_39,79,9569818624.0
f0000_14,79,11841789952.0
f0004_09,79,9776361472.0
f0008_45,79,12977775616.0
f0016_39,79,9673090048.0
f0011_13,79,13184318464.0
f0015_48,79,11463128064.0
f0003_42,79,12323723264.0
f0019_38,79,11704094720.0
f0007_14,79,11635247104.0
f0016_39,80,9673090048.0
f0012_39,80,9569818624.0
f0008_45,80,12977775616.0
f0000_14,80,11841789952.0
f0004_09,80,9776361472.0
f0013_38,80,10223870976.0
f0009_06,80,11704094720.0
f0001_41,80,12805656576.0
f0017_07,80,13149894656.0
f0005_26,80,10877923328.0
f0002_01,80,12530266112.0
f0014_19,80,11738518528.0
f0006_12,80,11772942336.0
f0010_18,80,13528556544.0
f0018_13,80,11876213760.0
f0011_13,80,13184318464.0
f0007_14,80,11635247104.0
f0019_38,80,11704094720.0
f0003_42,80,12323723264.0
f0015_48,80,11463128064.0
f0013_38,81,10223870976.0
f0009_06,81,11704094720.0
f0017_07,81,13149894656.0
f0005_26,81,10877923328.0
f0001_41,81,12805656576.0
f0004_09,81,9776361472.0
f0016_39,81,9673090048.0
f0000_14,81,11841789952.0
f0008_45,81,12977775616.0
f0012_39,81,9569818624.0
f0010_18,81,13528556544.0
f0006_12,81,11772942336.0
f0002_01,81,12530266112.0
f0014_19,81,11738518528.0
f0018_13,81,11876213760.0
f0011_13,81,13184318464.0
f0007_14,81,11635247104.0
f0003_42,81,12323723264.0
f0019_38,81,11704094720.0
f0015_48,81,11463128064.0
f0012_39,82,9569818624.0
f0016_39,82,9673090048.0
f0008_45,82,12977775616.0
f0000_14,82,11841789952.0
f0004_09,82,9776361472.0
f0005_26,82,10877923328.0
f0001_41,82,12805656576.0
f0009_06,82,11704094720.0
f0013_38,82,10223870976.0
f0017_07,82,13149894656.0
f0011_13,82,13184318464.0
f0019_38,82,11704094720.0
f0007_14,82,11635247104.0
f0003_42,82,12323723264.0
f0015_48,82,11463128064.0
f0010_18,82,13528556544.0
f0006_12,82,11772942336.0
f0018_13,82,11876213760.0
f0002_01,82,12530266112.0
f0014_19,82,11738518528.0
f0004_09,83,9776361472.0
f0016_39,83,9673090048.0
f0008_45,83,12977775616.0
f0000_14,83,11841789952.0
f0012_39,83,9569818624.0
f0010_18,83,13528556544.0
f0006_12,83,11772942336.0
f0014_19,83,11738518528.0
f0002_01,83,12530266112.0
f0018_13,83,11876213760.0
f0009_06,83,11704094720.0
f0013_38,83,10223870976.0
f0017_07,83,13149894656.0
f0005_26,83,10877923328.0
f0001_41,83,12805656576.0
f0003_42,83,12323723264.0
f0019_38,83,11704094720.0
f0007_14,83,11635247104.0
f0011_13,83,13184318464.0
f0015_48,83,11463128064.0
f0000_14,84,11841789952.0
f0012_39,84,9569818624.0
f0008_45,84,12977775616.0
f0016_39,84,9673090048.0
f0004_09,84,9776361472.0
f0005_26,84,10877923328.0
f0013_38,84,10223870976.0
f0009_06,84,11704094720.0
f0001_41,84,12805656576.0
f0017_07,84,13149894656.0
f0002_01,84,12530266112.0
f0018_13,84,11876213760.0
f0006_12,84,11772942336.0
f0010_18,84,13528556544.0
f0014_19,84,11738518528.0
f0007_14,84,11635247104.0
f0015_48,84,11463128064.0
f0003_42,84,12323723264.0
f0019_38,84,11704094720.0
f0011_13,84,13184318464.0
f0001_41,85,12805656576.0
f0017_07,85,13149894656.0
f0005_26,85,10877923328.0
f0013_38,85,10223870976.0
f0009_06,85,11704094720.0
f0016_39,85,9673090048.0
f0004_09,85,9776361472.0
f0008_45,85,12977775616.0
f0012_39,85,9569818624.0
f0000_14,85,11841789952.0
f0002_01,85,12530266112.0
f0010_18,85,13528556544.0
f0018_13,85,11876213760.0
f0006_12,85,11772942336.0
f0014_19,85,11738518528.0
f0015_48,85,11463128064.0
f0019_38,85,11704094720.0
f0007_14,85,11635247104.0
f0003_42,85,12323723264.0
f0011_13,85,13184318464.0
f0013_38,86,10223870976.0
f0005_26,86,10877923328.0
f0009_06,86,11704094720.0
f0001_41,86,12805656576.0
f0017_07,86,13149894656.0
f0018_13,86,11876213760.0
f0014_19,86,11738518528.0
f0002_01,86,12530266112.0
f0006_12,86,11772942336.0
f0010_18,86,13528556544.0
f0004_09,86,9776361472.0
f0008_45,86,12977775616.0
f0012_39,86,9569818624.0
f0016_39,86,9673090048.0
f0000_14,86,11841789952.0
f0003_42,86,12323723264.0
f0011_13,86,13184318464.0
f0015_48,86,11463128064.0
f0007_14,86,11635247104.0
f0019_38,86,11704094720.0
f0013_38,87,10223870976.0
f0009_06,87,11704094720.0
f0001_41,87,12805656576.0
f0017_07,87,13149894656.0
f0005_26,87,10877923328.0
f0000_14,87,11841789952.0
f0008_45,87,12977775616.0
f0012_39,87,9569818624.0
f0016_39,87,9673090048.0
f0004_09,87,9776361472.0
f0014_19,87,11738518528.0
f0002_01,87,12530266112.0
f0010_18,87,13528556544.0
f0006_12,87,11772942336.0
f0018_13,87,11876213760.0
f0011_13,87,13184318464.0
f0015_48,87,11463128064.0
f0007_14,87,11635247104.0
f0003_42,87,12323723264.0
f0019_38,87,11704094720.0
f0001_41,88,12805656576.0
f0009_06,88,11704094720.0
f0013_38,88,10223870976.0
f0017_07,88,13149894656.0
f0005_26,88,10877923328.0
f0008_45,88,12977775616.0
f0012_39,88,9569818624.0
f0016_39,88,9673090048.0
f0004_09,88,9776361472.0
f0000_14,88,11841789952.0
f0007_14,88,11635247104.0
f0011_13,88,13184318464.0
f0019_38,88,11704094720.0
f0015_48,88,11463128064.0
f0003_42,88,12323723264.0
f0002_01,88,12530266112.0
f0018_13,88,11876213760.0
f0006_12,88,11772942336.0
f0010_18,88,13528556544.0
f0014_19,88,11738518528.0
f0009_06,89,11704094720.0
f0013_38,89,10223870976.0
f0005_26,89,10877923328.0
f0017_07,89,13149894656.0
f0001_41,89,12805656576.0
f0003_42,89,12323723264.0
f0015_48,89,11463128064.0
f0019_38,89,11704094720.0
f0007_14,89,11635247104.0
f0011_13,89,13184318464.0
f0014_19,89,11738518528.0
f0018_13,89,11876213760.0
f0002_01,89,12530266112.0
f0006_12,89,11772942336.0
f0010_18,89,13528556544.0
f0008_45,89,12977775616.0
f0004_09,89,9776361472.0
f0000_14,89,11841789952.0
f0016_39,89,9673090048.0
f0012_39,89,9569818624.0
f0017_07,90,13149894656.0
f0001_41,90,12805656576.0
f0009_06,90,11704094720.0
f0005_26,90,10877923328.0
f0013_38,90,10223870976.0
f0000_14,90,11841789952.0
f0012_39,90,9569818624.0
f0016_39,90,9673090048.0
f0008_45,90,12977775616.0
f0004_09,90,9776361472.0
f0019_38,90,11704094720.0
f0003_42,90,12323723264.0
f0011_13,90,13184318464.0
f0007_14,90,11635247104.0
f0015_48,90,11463128064.0
f0018_13,90,11876213760.0
f0014_19,90,11738518528.0
f0010_18,90,13528556544.0
f0006_12,90,11772942336.0
f0002_01,90,12530266112.0
f0009_06,91,11704094720.0
f0005_26,91,10877923328.0
f0013_38,91,10223870976.0
f0017_07,91,13149894656.0
f0001_41,91,12805656576.0
f0004_09,91,9776361472.0
f0000_14,91,11841789952.0
f0016_39,91,9673090048.0
f0012_39,91,9569818624.0
f0008_45,91,12977775616.0
f0011_13,91,13184318464.0
f0015_48,91,11463128064.0
f0019_38,91,11704094720.0
f0007_14,91,11635247104.0
f0003_42,91,12323723264.0
f0006_12,91,11772942336.0
f0014_19,91,11738518528.0
f0010_18,91,13528556544.0
f0002_01,91,12530266112.0
f0018_13,91,11876213760.0
f0004_09,92,9776361472.0
f0012_39,92,9569818624.0
f0000_14,92,11841789952.0
f0016_39,92,9673090048.0
f0008_45,92,12977775616.0
f0009_06,92,11704094720.0
f0013_38,92,10223870976.0
f0001_41,92,12805656576.0
f0005_26,92,10877923328.0
f0017_07,92,13149894656.0
f0006_12,92,11772942336.0
f0002_01,92,12530266112.0
f0014_19,92,11738518528.0
f0010_18,92,13528556544.0
f0018_13,92,11876213760.0
f0003_42,92,12323723264.0
f0015_48,92,11463128064.0
f0019_38,92,11704094720.0
f0011_13,92,13184318464.0
f0007_14,92,11635247104.0
f0000_14,93,11841789952.0
f0016_39,93,9673090048.0
f0004_09,93,9776361472.0
f0012_39,93,9569818624.0
f0008_45,93,12977775616.0
f0009_06,93,11704094720.0
f0013_38,93,10223870976.0
f0005_26,93,10877923328.0
f0001_41,93,12805656576.0
f0017_07,93,13149894656.0
f0002_01,93,12530266112.0
f0006_12,93,11772942336.0
f0014_19,93,11738518528.0
f0010_18,93,13528556544.0
f0018_13,93,11876213760.0
f0011_13,93,13184318464.0
f0015_48,93,11463128064.0
f0019_38,93,11704094720.0
f0007_14,93,11635247104.0
f0003_42,93,12323723264.0
f0017_07,94,13149894656.0
f0005_26,94,10877923328.0
f0009_06,94,11704094720.0
f0001_41,94,12805656576.0
f0013_38,94,10223870976.0
f0004_09,94,9776361472.0
f0012_39,94,9569818624.0
f0000_14,94,11841789952.0
f0008_45,94,12977775616.0
f0016_39,94,9673090048.0
f0003_42,94,12323723264.0
f0019_38,94,11704094720.0
f0015_48,94,11463128064.0
f0011_13,94,13184318464.0
f0007_14,94,11635247104.0
f0006_12,94,11772942336.0
f0018_13,94,11876213760.0
f0002_01,94,12530266112.0
f0010_18,94,13528556544.0
f0014_19,94,11738518528.0
f0016_39,95,9673090048.0
f0000_14,95,11841789952.0
f0012_39,95,9569818624.0
f0004_09,95,9776361472.0
f0008_45,95,12977775616.0
f0005_26,95,10877923328.0
f0009_06,95,11704094720.0
f0013_38,95,10223870976.0
f0001_41,95,12805656576.0
f0017_07,95,13149894656.0
f0018_13,95,11876213760.0
f0006_12,95,11772942336.0
f0002_01,95,12530266112.0
f0014_19,95,11738518528.0
f0010_18,95,13528556544.0
f0019_38,95,11704094720.0
f0003_42,95,12323723264.0
f0007_14,95,11635247104.0
f0015_48,95,11463128064.0
f0011_13,95,13184318464.0
f0008_45,96,12977775616.0
f0012_39,96,9569818624.0
f0004_09,96,9776361472.0
f0000_14,96,11841789952.0
f0016_39,96,9673090048.0
f0005_26,96,10877923328.0
f0017_07,96,13149894656.0
f0001_41,96,12805656576.0
f0013_38,96,10223870976.0
f0009_06,96,11704094720.0
f0010_18,96,13528556544.0
f0002_01,96,12530266112.0
f0014_19,96,11738518528.0
f0018_13,96,11876213760.0
f0006_12,96,11772942336.0
f0015_48,96,11463128064.0
f0011_13,96,13184318464.0
f0019_38,96,11704094720.0
f0007_14,96,11635247104.0
f0003_42,96,12323723264.0
f0000_14,97,11841789952.0
f0016_39,97,9673090048.0
f0008_45,97,12977775616.0
f0012_39,97,9569818624.0
f0004_09,97,9776361472.0
f0017_07,97,13149894656.0
f0009_06,97,11704094720.0
f0013_38,97,10223870976.0
f0005_26,97,10877923328.0
f0001_41,97,12805656576.0
f0018_13,97,11876213760.0
f0014_19,97,11738518528.0
f0002_01,97,12530266112.0
f0010_18,97,13528556544.0
f0006_12,97,11772942336.0
f0015_48,97,11463128064.0
f0003_42,97,12323723264.0
f0019_38,97,11704094720.0
f0007_14,97,11635247104.0
f0011_13,97,13184318464.0
f0016_39,98,9673090048.0
f0008_45,98,12977775616.0
f0004_09,98,9776361472.0
f0000_14,98,11841789952.0
f0012_39,98,9569818624.0
f0017_07,98,13149894656.0
f0005_26,98,10877923328.0
f0001_41,98,12805656576.0
f0009_06,98,11704094720.0
f0013_38,98,10223870976.0
f0018_13,98,11876213760.0
f0002_01,98,12530266112.0
f0010_18,98,13528556544.0
f0006_12,98,11772942336.0
f0014_19,98,11738518528.0
f0003_42,98,12323723264.0
f0019_38,98,11704094720.0
f0007_14,98,11635247104.0
f0011_13,98,13184318464.0
f0015_48,98,11463128064.0
f0008_45,99,12977775616.0
f0016_39,99,9673090048.0
f0000_14,99,11841789952.0
f0004_09,99,9776361472.0
f0012_39,99,9569818624.0
f0005_26,99,10877923328.0
f0001_41,99,12805656576.0
f0009_06,99,11704094720.0
f0013_38,99,10223870976.0
f0017_07,99,13149894656.0
f0007_14,99,11635247104.0
f0003_42,99,12323723264.0
f0019_38,99,11704094720.0
f0015_48,99,11463128064.0
f0011_13,99,13184318464.0
f0018_13,99,11876213760.0
f0014_19,99,11738518528.0
f0010_18,99,13528556544.0
f0002_01,99,12530266112.0
f0006_12,99,11772942336.0
f0017_07,100,13149894656.0
f0013_38,100,10223870976.0
f0001_41,100,12805656576.0
f0005_26,100,10877923328.0
f0009_06,100,11704094720.0
f0000_14,100,11841789952.0
f0016_39,100,9673090048.0
f0012_39,100,9569818624.0
f0004_09,100,9776361472.0
f0008_45,100,12977775616.0
f0015_48,100,11463128064.0
f0011_13,100,13184318464.0
f0003_42,100,12323723264.0
f0007_14,100,11635247104.0
f0019_38,100,11704094720.0
f0006_12,100,11772942336.0
f0018_13,100,11876213760.0
f0010_18,100,13528556544.0
f0014_19,100,11738518528.0
f0002_01,100,12530266112.0
